{"learner":{"attributes":{},"feature_names":[],"feature_types":[],"gradient_booster":{"model":{"gbtree_model_param":{"num_parallel_tree":"1","num_trees":"10"},"iteration_indptr":[0,1,2,3,4,5,6,7,8,9,10],"tree_info":[0,0,0,0,0,0,0,0,0,0],"trees":[{"base_weights":[-1.7784464E-3,2.6991114E-1,-9.501648E-1,-1.902744E-1,9.6786153E-1,-1.310375E-1,-1.4980899E-2,1.2009461E-1,-5.3811938E-2,1.3397215E-1,2.1171054E-2],"categories":[],"categories_nodes":[],"categories_segments":[],"categories_sizes":[],"default_left":[0,0,0,0,0,0,0,0,0,0,0],"id":0,"left_children":[1,3,5,7,9,-1,-1,-1,-1,-1,-1],"loss_changes":[6.8311696E0,6.8048015E0,1.5055838E0,7.062265E0,2.065617E0,0E0,0E0,0E0,0E0,0E0,0E0],"parents":[2147483647,0,0,1,1,2,2,3,3,4,4],"right_children":[2,4,6,8,10,-1,-1,-1,-1,-1,-1],"split_conditions":[8.7334836E-1,4.831187E-3,5.116171E-1,-9.768137E-1,1.5141232E-1,-1.310375E-1,-1.4980899E-2,1.2009461E-1,-5.3811938E-2,1.3397215E-1,2.1171054E-2],"split_indices":[13,15,6,1,11,0,0,0,0,0,0],"split_type":[0,0,0,0,0,0,0,0,0,0,0],"sum_hessian":[2.4516335E1,1.9613068E1,4.903267E0,1.2258167E1,7.3549E0,2.94196E0,1.9613067E0,1.9613067E0,1.029686E1,4.41294E0,2.94196E0],"tree_param":{"num_deleted":"0","num_feature":"17","num_nodes":"11","size_leaf_vector":"1"}},{"base_weights":[8.58786E-4,2.5307736E-1,-8.910423E-1,-5.578777E-1,5.9267384E-1,-1.23400666E-1,-1.4009575E-2,-1.0389441E-1,8.6353466E-2,1.05963886E-1,-3.709895E-2],"categories":[],"categories_nodes":[],"categories_segments":[],"categories_sizes":[],"default_left":[0,0,0,0,0,0,0,0,0,0,0],"id":1,"left_children":[1,3,5,7,9,-1,-1,-1,-1,-1,-1],"loss_changes":[5.9529233E0,6.0111303E0,1.3296266E0,5.4124174E0,7.1535482E0,0E0,0E0,0E0,0E0,0E0,0E0],"parents":[2147483647,0,0,1,1,2,2,3,3,4,4],"right_children":[2,4,6,8,10,-1,-1,-1,-1,-1,-1],"split_conditions":[8.7334836E-1,-7.5184566E-1,5.116171E-1,1.1679696E0,5.857108E-1,-1.23400666E-1,-1.4009575E-2,-1.0389441E-1,8.6353466E-2,1.05963886E-1,-3.709895E-2],"split_indices":[13,15,6,0,11,0,0,0,0,0,0],"split_type":[0,0,0,0,0,0,0,0,0,0,0],"sum_hessian":[2.4460405E1,1.9626518E1,4.833887E0,5.603239E0,1.402328E1,2.8767705E0,1.9571165E0,4.3874245E0,1.2158146E0,9.378917E0,4.644363E0],"tree_param":{"num_deleted":"0","num_feature":"17","num_nodes":"11","size_leaf_vector":"1"}},{"base_weights":[-3.1982511E-3,9.4830817E-1,-2.2269093E-1,1.312609E-1,-9.273252E-3,-7.774597E-1,2.5951818E-1,-1.3156962E-1,4.0462893E-2,-8.188104E-2,5.4329228E-2],"categories":[],"categories_nodes":[],"categories_segments":[],"categories_sizes":[],"default_left":[0,0,0,0,0,0,0,0,0,0,0],"id":2,"left_children":[1,3,5,-1,-1,7,9,-1,-1,-1,-1],"loss_changes":[5.5076194E0,1.9966273E0,5.930985E0,0E0,0E0,7.0279202E0,4.180295E0,0E0,0E0,0E0,0E0],"parents":[2147483647,0,0,1,1,2,2,5,5,6,6],"right_children":[2,4,6,-1,-1,8,10,-1,-1,-1,-1],"split_conditions":[-9.691731E-1,5.2496266E-1,-4.6806965E-2,1.312609E-1,-9.273252E-3,2.1526918E-1,-1.2397958E0,-1.3156962E-1,4.0462893E-2,-8.188104E-2,5.4329228E-2],"split_indices":[1,13,12,0,0,15,4,0,0,0,0],"split_type":[0,0,0,0,0,0,0,0,0,0,0],"sum_hessian":[2.4360176E1,3.9436963E0,2.041648E1,2.7281482E0,1.2155479E0,9.209225E0,1.1207255E1,6.2502785E0,2.9589458E0,1.9420654E0,9.26519E0],"tree_param":{"num_deleted":"0","num_feature":"17","num_nodes":"11","size_leaf_vector":"1"}},{"base_weights":[-3.3684717E-3,2.2324477E-1,-8.179332E-1,1.1298752E0,-2.8815353E-2,-1.15491465E-1,-1.0714942E-2,2.6730428E-2,1.3785335E-1,-7.036661E-2,4.757687E-2],"categories":[],"categories_nodes":[],"categories_segments":[],"categories_sizes":[],"default_left":[0,0,0,0,0,0,0,0,0,0,0],"id":3,"left_children":[1,3,5,7,9,-1,-1,-1,-1,-1,-1],"loss_changes":[4.841762E0,4.724739E0,1.243442E0,5.948658E-1,6.137552E0,0E0,0E0,0E0,0E0,0E0,0E0],"parents":[2147483647,0,0,1,1,2,2,3,3,4,4],"right_children":[2,4,6,8,10,-1,-1,-1,-1,-1,-1],"split_conditions":[8.7334836E-1,-9.691731E-1,5.116171E-1,-1.0180008E0,-7.373744E-2,-1.15491465E-1,-1.0714942E-2,2.6730428E-2,1.3785335E-1,-7.036661E-2,4.757687E-2],"split_indices":[13,1,6,10,12,0,0,0,0,0,0],"split_type":[0,0,0,0,0,0,0,0,0,0,0],"sum_hessian":[2.4240446E1,1.9532427E1,4.7080197E0,3.4914682E0,1.6040958E1,2.769946E0,1.9380734E0,1.2455982E0,2.2458699E0,6.693825E0,9.347135E0],"tree_param":{"num_deleted":"0","num_feature":"17","num_nodes":"11","size_leaf_vector":"1"}},{"base_weights":[-2.7845427E-3,-6.429836E-1,2.5923964E-1,-1.0351223E0,7.495844E-2,7.0827687E-1,-4.942418E-1,3.0239157E-3,-1.2827292E-1,1.0028423E-1,-9.65205E-3,1.0600698E-1,-9.719547E-2],"categories":[],"categories_nodes":[],"categories_segments":[],"categories_sizes":[],"default_left":[0,0,0,0,0,0,0,0,0,0,0,0,0],"id":4,"left_children":[1,3,5,7,-1,9,11,-1,-1,-1,-1,-1,-1],"loss_changes":[4.373473E0,4.910019E0,6.611926E0,1.7078242E0,0E0,2.943376E0,6.5991774E0,0E0,0E0,0E0,0E0,0E0,0E0],"parents":[2147483647,0,0,1,1,2,2,3,3,5,5,6,6],"right_children":[2,4,6,8,-1,10,12,-1,-1,-1,-1,-1,-1],"split_conditions":[-7.368594E-1,1.1679696E0,4.5253322E-1,-2.698103E-1,7.495844E-2,6.752329E-1,-9.691731E-1,3.0239157E-3,-1.2827292E-1,1.0028423E-1,-9.65205E-3,1.0600698E-1,-9.719547E-2],"split_indices":[15,0,0,8,0,11,1,0,0,0,0,0,0],"split_type":[0,0,0,0,0,0,0,0,0,0,0,0,0],"sum_hessian":[2.407807E1,6.5705214E0,1.7507547E1,5.3271184E0,1.2434028E0,1.1007577E1,6.499971E0,1.1701721E0,4.156946E0,7.8780403E0,3.1295364E0,1.2415019E0,5.258469E0],"tree_param":{"num_deleted":"0","num_feature":"17","num_nodes":"13","size_leaf_vector":"1"}},{"base_weights":[-1.1694748E-3,2.0758986E-1,-7.6104796E-1,4.1211125E-1,-7.738883E-1,-9.891112E-2,6.096662E-3,1.3457026E-1,1.4884916E-2,-8.800409E-3,-1.0448744E-1],"categories":[],"categories_nodes":[],"categories_segments":[],"categories_sizes":[],"default_left":[0,0,0,0,0,0,0,0,0,0,0],"id":5,"left_children":[1,3,5,7,9,-1,-1,-1,-1,-1,-1],"loss_changes":[4.0988755E0,4.388709E0,1.1042249E0,4.083824E0,6.224673E-1,0E0,0E0,0E0,0E0,0E0,0E0],"parents":[2147483647,0,0,1,1,2,2,3,3,4,4],"right_children":[2,4,6,8,10,-1,-1,-1,-1,-1,-1],"split_conditions":[8.7334836E-1,1.115045E0,4.3153042E-1,-9.691731E-1,-2.4830648E-1,-9.891112E-2,6.096662E-3,1.3457026E-1,1.4884916E-2,-8.800409E-3,-1.0448744E-1],"split_indices":[13,2,10,1,11,0,0,0,0,0,0],"split_type":[0,0,0,0,0,0,0,0,0,0,0],"sum_hessian":[2.3843008E1,1.9274569E1,4.568438E0,1.6430813E1,2.8437572E0,3.417105E0,1.1513332E0,2.709747E0,1.37210655E1,1.1805246E0,1.6632326E0],"tree_param":{"num_deleted":"0","num_feature":"17","num_nodes":"11","size_leaf_vector":"1"}},{"base_weights":[-3.5267333E-3,-5.940798E-1,2.3553802E-1,-9.7008604E-1,6.979087E-2,6.3611466E-1,-4.5144296E-1,3.1338658E-3,-1.20894074E-1,-4.860684E-3,9.709988E-2,9.557597E-2,-8.8767715E-2],"categories":[],"categories_nodes":[],"categories_segments":[],"categories_sizes":[],"default_left":[0,0,0,0,0,0,0,0,0,0,0,0,0],"id":6,"left_children":[1,3,5,7,-1,9,11,-1,-1,-1,-1,-1,-1],"loss_changes":[3.624825E0,4.27042E0,5.3195643E0,1.508429E0,0E0,2.7911568E0,5.3422565E0,0E0,0E0,0E0,0E0,0E0,0E0],"parents":[2147483647,0,0,1,1,2,2,3,3,5,5,6,6],"right_children":[2,4,6,8,-1,10,12,-1,-1,-1,-1,-1,-1],"split_conditions":[-7.368594E-1,1.1679696E0,4.5253322E-1,-2.698103E-1,6.979087E-2,-4.817674E-1,-9.691731E-1,3.1338658E-3,-1.20894074E-1,-4.860684E-3,9.709988E-2,9.557597E-2,-8.8767715E-2],"split_indices":[15,0,0,8,0,8,1,0,0,0,0,0,0],"split_type":[0,0,0,0,0,0,0,0,0,0,0,0,0],"sum_hessian":[2.3683994E1,6.396913E0,1.728708E1,5.1478825E0,1.2490307E0,1.0966557E1,6.3205247E0,1.1587001E0,3.9891825E0,3.8826804E0,7.083876E0,1.2138758E0,5.106649E0],"tree_param":{"num_deleted":"0","num_feature":"17","num_nodes":"13","size_leaf_vector":"1"}},{"base_weights":[-1.6955775E-3,1.8925428E-1,-7.058446E-1,-2.6206332E-1,5.7677805E-1,-1.0365301E-1,-5.8544064E-3,6.46421E-2,-7.67751E-2,8.4568314E-2,-6.271739E-2],"categories":[],"categories_nodes":[],"categories_segments":[],"categories_sizes":[],"default_left":[0,0,0,0,0,0,0,0,0,0,0],"id":7,"left_children":[1,3,5,7,9,-1,-1,-1,-1,-1,-1],"loss_changes":[3.412571E0,3.6443594E0,1.0981653E0,5.05116E0,4.110531E0,0E0,0E0,0E0,0E0,0E0,0E0],